,A,B,C,D
2000-01-01,1.7433305036732034,-1.3297819216169326,0.33489501744648514,0.577474753951901
2000-01-02,3.409246587855889,-2.322945242933656,-1.953927457259331,1.9287601626703477
2000-01-03,3.257267273164583,-1.4983870526916152,-2.0842607838075633,1.0996185700989998
2000-01-04,3.7081092259577018,-2.58291805829995,-2.3833466595963775,1.3181827153377907
2000-01-05,3.564016707109737,-3.7200912093587557,-2.839539911281985,1.3335722313308336
2000-01-06,2.933659309003613,-1.9697833935164781,-3.717621528474421,2.2310806350195587
2000-01-07,1.5594090435796495,-0.3319432179313877,-3.6005098034952954,2.549184712454894
2000-01-08,1.4917797858472246,-2.1388301674159482,-1.3771542604495504,3.1886341054161904
2000-01-09,0.32660815941791843,-2.2639854255020557,0.1885081260620789,4.409136994974379
2000-01-10,-0.35258417836945244,-2.3491565762422697,-0.8308404539584573,3.471649365589855
2000-01-11,-1.2674786915690737,-2.499279715610053,-0.644107804129021,3.6431493407111697
2000-01-12,-2.952448086118845,-3.588319177722351,0.7724802788718111,5.510982952581692
2000-01-13,-2.4988412311943398,-4.7843692977412005,0.3113665389785585,6.544737936453512
2000-01-14,-3.9049847214587805,-5.845605977937887,0.7208791002135625,6.3645157291264525
2000-01-15,-3.6459246464692616,-7.751187341422239,2.272767363334056,5.7173737632012225
2000-01-16,-4.221113683939494,-9.278105541870733,1.450296419838518,4.568964996234382
2000-01-17,-6.101799895750842,-10.325198036724865,1.8488532994630578,5.3040452773114675
2000-01-18,-7.042069269911337,-10.362038952172657,2.90396902812207,6.204001984781957
2000-01-19,-6.783521923915901,-9.815420723196764,2.9014028691045035,4.782930563078924
2000-01-20,-6.5476295404020135,-9.963157441681494,2.3612495175609274,3.589484427529693
2000-01-21,-5.548335994498548,-9.577661777933441,4.252657066025941,5.495987831608866
2000-01-22,-4.6907657432300205,-8.86639471120977,4.719612602324958,6.2483625006054
2000-01-23,-6.287804813525409,-8.354591886774084,4.792591411446683,5.944609656758075
2000-01-24,-7.249478089554706,-7.8568486593842595,3.8153782570246344,4.871706378101777
2000-01-25,-6.828882469322268,-7.395850633678628,4.069914937081333,4.915063466932871
2000-01-26,-8.101676607218078,-6.6109642399683715,2.0159051023338312,4.284610021570169
2000-01-27,-8.36529781234063,-4.61520086706231,1.819178170527564,4.246075629684236
2000-01-28,-7.0738421412463355,-4.016827873015574,1.9019149254109333,4.622992791892779
2000-01-29,-6.919080422651326,-3.8585310738583845,1.0888946200960636,4.501971346697449
2000-01-30,-6.4326590005826185,-5.750475778079141,1.3988415593451626,4.72190324344545
2000-01-31,-6.196019058546625,-4.003176900725039,-0.43703878252485895,4.56987532270048
2000-02-01,-6.39410392303006,-4.9920773912025584,0.3866259851214965,4.568142848323543
2000-02-02,-6.4710617949642195,-4.737223430186546,1.2298403190000906,3.9272009279194506
2000-02-03,-6.13581882174922,-2.606701873632293,1.9272715773718012,1.2274378719185974
2000-02-04,-5.51237950426375,-2.3182163966772893,2.0071797385561716,1.2365041875858904
2000-02-05,-6.417771822018537,-0.7805494551486207,2.816239432401412,0.9102548288257488
2000-02-06,-6.561831393755389,-0.3272258605649478,3.0209205913006607,1.7577172251045814
2000-02-07,-7.278458489896521,0.22460928285293774,2.9817598542754618,0.42658704547689985
2000-02-08,-7.3599620795752685,0.774499391105844,3.886580202879971,0.1607758632475788
2000-02-09,-6.996564489221566,0.8253581041877254,2.81851748604452,-0.08449386774662049
2000-02-10,-6.59441220070293,1.8782526234046062,4.0402755682642875,1.1578868299642306
2000-02-11,-6.576820498537434,3.5344475829462096,2.178309649126902,-0.03686053471742157
2000-02-12,-7.624772781576711,3.935696979039434,1.8784154700693048,-1.4063712020843362
2000-02-13,-8.912170793218621,5.435675422662128,0.9044797608777805,-1.1999883145772985
2000-02-14,-9.9059867360574,4.706881079110675,-0.06944833840196774,-2.710048720971661
2000-02-15,-9.18895303356325,4.003585032012979,-0.05954498040416785,-1.9013374994776686
2000-02-16,-9.559255232394577,1.9557843531085584,0.6258595454329864,-2.537206302438142
2000-02-17,-7.9548913957107485,1.37060537189583,0.02426350742377792,-3.015007429796192
2000-02-18,-8.889776018395413,-0.6804030031356882,-1.7115686777991166,-2.6074889479883865
2000-02-19,-9.062934182150391,1.1046514804065004,-2.427147287158707,-2.2117090281343703
2000-02-20,-10.27070612032739,0.755345212133417,-3.4113446235838825,-0.6573586882730587
2000-02-21,-9.065295170077052,-0.04927908884349952,-3.530937099877052,-0.3626365929869073
2000-02-22,-9.249805241824228,-0.28380607718393713,-3.418585395228141,-0.3406635452713283
2000-02-23,-7.211242510381524,1.8994787182275434,-3.034172101666928,0.3231207512247292
2000-02-24,-7.06135859493258,1.75509556613353,-1.0923857877199052,0.08147849347192249
2000-02-25,-5.9782897940256685,1.152320812143623,-0.5105671178400968,0.8627467397548076
2000-02-26,-7.1998437438681915,0.2479156670056072,-3.0365893702030875,0.942313087261226
2000-02-27,-7.951463934923762,0.8662996389762061,-3.0363098048084343,0.43670074411798954
2000-02-28,-7.991903534612932,2.910895403537147,-1.7335626944368359,0.6050033039850172
2000-02-29,-7.763768298687499,4.251967090656628,-0.5654935845384039,0.1829916394247446
2000-03-01,-8.710963309259569,6.505454517145877,-0.4502416727961296,1.783915469685003
2000-03-02,-8.161586776239604,6.505307283357404,-0.5890502176895203,0.5012158658556505
2000-03-03,-8.87758160297072,6.779677463529857,-0.7459364626217495,1.6053010879591891
2000-03-04,-7.901379353523156,8.130104451356257,-0.20021106927845977,1.3384671250601554
2000-03-05,-6.8203526905107035,8.135881376239094,-1.3983232470676914,2.615110387455438
2000-03-06,-6.582788187801298,9.220793429772778,-1.7538885542112388,1.9282348379590997
2000-03-07,-7.167775650760051,9.081697774114255,-2.8628379825323766,1.8391337125879899
2000-03-08,-6.1141882408687955,8.088079040522693,-2.333487049301235,2.509453779786665
2000-03-09,-6.306592319948927,10.119781201685475,-1.367823301415112,1.8647585477324893
2000-03-10,-5.314373668812026,10.464088114320983,0.7505694042607973,2.275393635207032
2000-03-11,-6.421168023128174,10.290635737673094,-0.2767656848189344,1.6227917151683924
2000-03-12,-6.407189892280351,9.902115345417421,-2.0379946107732847,1.3899107932974153
2000-03-13,-4.974586103247882,10.20557419775373,-1.5196927434100291,1.2217056504876613
2000-03-14,-4.915208308522441,12.394594226595446,-1.1962292196769786,1.7252673120827593
2000-03-15,-5.177483062327678,12.300221689136077,-0.9771136194479659,2.2482929973065704
2000-03-16,-4.336322919817194,12.462585419344439,-1.11209266715235,2.4060411311911216
2000-03-17,-3.5846862755045965,11.672678061407183,-1.535514070457705,2.608727823620069
2000-03-18,-3.047091678534483,11.134459348352287,-1.743724723665811,0.247801958058524
2000-03-19,-0.49208859455033416,10.543320645932788,-1.8204577952699237,-0.3397431959381587
2000-03-20,-1.197541867818729,12.890260873095265,-1.1767046303822868,-0.690065832397797
2000-03-21,-1.13094147457615,10.081539672518055,0.43000176606883844,0.40018769719798397
2000-03-22,1.237570568059164,11.141969170617823,-0.5612900166705921,0.8304380122300608
2000-03-23,0.5029163803773661,13.08240851440049,-0.48485428835947786,0.08026278120883434
2000-03-24,-0.024623108752910405,13.753693724603403,-1.7471800003019413,-0.37656276250498455
2000-03-25,0.5364470141104045,12.828386135052384,-3.2352686847242547,-0.6709359499286227
2000-03-26,0.7040642520198463,12.57511538429339,-2.3403813317252062,-1.4861896835561506
2000-03-27,0.07729238300885188,13.98801304072558,-0.7564884731215131,-0.9401556506099377
2000-03-28,0.29904319331567236,14.685517237832292,-0.5707016040334612,-2.659633293517188
2000-03-29,-1.1133924192459375,13.398096423607205,0.9916409288250325,-1.2604075274215327
2000-03-30,-2.7759288253543346,13.185383586300256,-0.017087592700957943,-3.382383914005713
2000-03-31,-3.2614600355465937,13.404285771016399,-0.134575233844411,-4.080886389816926
2000-04-01,-4.0925471251047245,14.497916504697727,-1.5059298055098869,-2.547186934255131
2000-04-02,-3.3240532403170198,15.087622503419354,-2.0794795482341244,-4.345913388996667
2000-04-03,-3.437671005985083,15.366547998744409,-1.3019350086738035,-4.445548164576939
2000-04-04,-3.146207889925446,16.12980468255009,-0.9690362994594431,-4.486626755373312
2000-04-05,-3.783382932016208,15.438660629041795,-1.4633295576077539,-5.033876596871068
2000-04-06,-4.0664067275309055,13.66913608282017,-2.231271799468818,-4.6696880538511385
2000-04-07,-4.176249099309112,14.160487124632219,-1.6916981130586608,-4.0877449656233935
2000-04-08,-4.901333589928539,13.539705490442792,-1.1281073787112041,-2.9536345047680577
2000-04-09,-4.355507363679052,15.181110622675602,0.12214960456727075,-3.9547913283076213
2000-04-10,-3.786964882890586,14.788331535745058,-0.5959283576982263,-3.3333662609643238
2000-04-11,-2.4202098621509847,13.682163293409923,-1.7217882776995528,-4.048734499392815
2000-04-12,-3.4367765371567573,13.822838340145115,-1.1260884215741425,-2.7991106996276267
2000-04-13,-4.185597081636036,16.960939087702116,-2.024566717376887,-2.9715148938439717
2000-04-14,-6.19103238182581,16.764596026382378,-1.12653514009948,-3.4591023406292036
2000-04-15,-5.055166622563353,15.571495574046889,-1.5008390904727915,-3.010291696527935
2000-04-16,-6.647785644662426,15.850958845960083,-3.1439120233687805,-1.4648813922749473
2000-04-17,-6.004828200886271,17.175499111409923,-3.6435680945597673,-0.17993825772082395
2000-04-18,-4.847641709800156,16.597050930356218,-2.9321071617648897,-1.3102716299851036
2000-04-19,-4.837120648630011,15.624187078190616,-1.2710265996761934,-1.264821904664307
2000-04-20,-4.543619325970793,14.673075858768424,-2.2990103482464948,-1.3445777182993472
2000-04-21,-3.9509903232776145,13.397731277760872,-1.304698236560401,-2.052885266149297
2000-04-22,-3.4341561052720895,11.423984055893758,-1.0173655938184734,-0.9129304432287308
2000-04-23,-3.5596277244629015,12.226355645404531,-0.9678999803474446,-0.5121160945355219
2000-04-24,-1.3750694579372023,11.899853905666577,0.9690492685387246,0.8199460097223703
2000-04-25,-1.5933153255939783,11.960167376114011,-0.6828767787204435,0.7238325204300483
2000-04-26,-0.6317066074357028,11.952521298630945,-1.5254812544205256,1.8279597474437241
2000-04-27,-0.7537956712356811,13.14988030619324,-1.9491451791864964,3.561208640428816
2000-04-28,-1.2924919736688074,13.424391455463752,-1.9846698942987777,4.303878216858859
2000-04-29,-2.6608332249515434,14.025680732485231,-1.8110781899244945,4.305099754615938
2000-04-30,-2.6403009915242586,13.45440896937433,-2.6159030480362992,4.388627545472444
2000-05-01,-3.583048075721553,13.140248376341145,-2.3121806303870494,5.575919366493677
2000-05-02,-2.0494709919034255,13.268582389264242,-1.8869575983892588,5.508358486670123
2000-05-03,-0.2439743661720395,12.795869698685639,-0.34514835214589845,4.473173713853287
2000-05-04,0.1716318448622453,12.474677625049146,-0.6304619592290979,4.692343604416897
2000-05-05,0.2504842123379878,11.522439862197903,-0.6917566183780949,1.818590839647379
2000-05-06,-0.5961753512786792,12.256554746690334,-1.3854673560731996,1.6542913664002268
2000-05-07,0.816630558408566,13.18511315208478,-0.2696640035195279,1.4819185131427932
2000-05-08,-0.08333540370488579,14.667345913318224,-0.49429863008850045,0.2359690233051821
2000-05-09,-0.5775606969983385,13.29428639075334,-0.13114629537204914,2.1478119000239615
2000-05-10,0.6322971392098455,13.903750562882072,-0.5917733814568049,1.5746988224928844
2000-05-11,0.6687406934068496,13.642257653506228,-1.0979206297938324,1.8746106656473132
2000-05-12,-0.8465970255856075,12.981433402431485,-3.6981761779188576,0.911618171912367
2000-05-13,-0.7425933145245727,13.652667943851892,-4.422722186796095,0.9326752967921755
2000-05-14,0.27815338757854646,11.702182320974849,-5.152798183394343,-1.6463832702531036
2000-05-15,-0.2744364619515133,11.690108328687382,-3.4831899682490466,-1.9862495139305119
2000-05-16,-0.5013503452987482,13.51993830790963,-3.8150432567711086,-2.5000681030442693
2000-05-17,-0.6120223285443562,12.995985199159522,-4.272192348162636,-2.03687848812126
2000-05-18,-0.7264771404711706,12.549917949714763,-3.9147573263730466,-2.1211756946218276
2000-05-19,-0.8009843649490139,12.666292933235605,-3.188674196765854,-1.5048737184475507
2000-05-20,-1.9114494369479633,12.600100317216638,-3.2642719843482886,-1.8442229715768481
2000-05-21,-1.5639399744809002,13.042027308908349,-1.7819939972868604,-0.7829989128302399
2000-05-22,-1.441212361369002,12.869935710816312,-0.7976252618335914,-2.287298912883829
2000-05-23,-3.0033634905269393,13.41360805178906,-0.8940077838733406,-2.843627881437682
2000-05-24,-3.2910877167630668,15.369806498315047,-1.0426695370571049,-3.434340317724324
2000-05-25,-3.3498088371268517,14.401524686248012,-0.10617087244604584,-4.053398605906622
2000-05-26,-1.2266051489822187,13.108617782363089,0.8907865974872183,-3.854264505635081
2000-05-27,-1.1178670754426718,12.664215121294555,0.7869688795289029,-3.4410512254820724
2000-05-28,-0.7639243889251759,11.513021998262925,1.15163726523296,-3.0503414282269152
2000-05-29,1.0072277750905145,13.403049381302711,2.0545821400030873,-2.896780810477996
2000-05-30,0.7736081792666912,13.33980982335124,1.5453166812393935,-4.574495190602979
2000-05-31,0.8008485928521324,13.746600995740957,-0.14133426392775572,-3.6483962857298056
2000-06-01,0.6786294313665031,13.781692936239066,-1.263833026781323,-4.136512900010269
2000-06-02,1.787218583809071,12.721663691708184,-0.5917581223389947,-5.339932588421392
2000-06-03,2.1119613810163695,12.756878847495235,-0.3807410895178188,-5.9970071023865525
2000-06-04,0.7036218518466628,13.672895016611132,-1.2899063485519169,-5.977531433724555
2000-06-05,-0.16277729370175553,11.550636598313726,-0.933661118844584,-7.20995895997293
2000-06-06,-1.3384050617287098,11.705063863632017,-1.3257927866570318,-6.842480769728004
2000-06-07,-1.0636019303677855,13.993623569325704,-1.4385851143248816,-7.395463393880699
2000-06-08,0.33111477539963485,14.444330126571977,-2.9928258088063786,-6.833282448019811
2000-06-09,0.10492201501611945,14.885317394686204,-2.47062195974153,-7.065435029441275
2000-06-10,-0.44229306342664676,13.462969129600854,-3.3384100935807375,-7.253263102243568
2000-06-11,0.7547208605490602,13.726570993045991,-2.1236670741058274,-7.402369907262753
2000-06-12,1.6062040711217702,13.796973893524637,-2.0835426245549975,-8.276631954969739
2000-06-13,1.6935062876909879,14.016537893539825,-1.6052374166036736,-6.938501079517055
2000-06-14,1.5049402337168214,13.258339545647868,-2.1939339166756375,-9.458091189579068
2000-06-15,0.6855426771619242,12.642592682174808,-2.3207251587794766,-9.444104985743566
2000-06-16,1.294089863589154,14.00890392145437,-2.623682403640387,-10.793396268714275
2000-06-17,1.220415384841361,12.581707681167265,-2.3071464884876804,-11.666673635765957
2000-06-18,0.7555374791205558,13.5230964607454,-2.123087049577915,-10.004911448540874
2000-06-19,1.42645606883535,14.518771025442591,-1.2298494307503662,-8.703482841618149
2000-06-20,-0.8234435052889004,15.941469284120652,-1.5503109461252662,-8.563458244857578
2000-06-21,-0.8345917078903639,15.548757916300174,-3.0178054871606963,-8.296881178710727
2000-06-22,-1.7843779578545695,14.763566977195701,-1.0730482042813103,-9.794811975226569
2000-06-23,-2.0351665847311136,14.081824138079678,-1.9682621637094502,-9.148906908433483
2000-06-24,-0.300872937318426,13.410178321749731,-0.4413126566708334,-8.203760993181405
2000-06-25,1.6744671825467297,13.129605395213956,-0.6121860447693648,-8.165126053357907
2000-06-26,2.1867957331346948,12.895791253528555,-1.2567413089484436,-7.491002411388451
2000-06-27,1.5916951196897267,10.059257970854048,0.4777898868930328,-8.781920533833919
2000-06-28,1.1381584263921591,10.101693568190647,1.2075002342659922,-9.393061769406547
2000-06-29,0.5723374882011516,10.3966158482763,1.1937007769243604,-9.508033247009712
2000-06-30,-0.7141683475343426,11.741932615104895,2.0205000940415703,-8.965400033185482
2000-07-01,-2.245767311599529,11.571264316347863,1.8246007440143672,-9.000181856231304
2000-07-02,-1.2244726495191258,10.835510240380167,0.5926305223868,-10.883764469213327
2000-07-03,-1.324713870795803,9.7961915665066,1.187021673566559,-10.47063687223907
2000-07-04,-0.07292907438309659,9.53804682765169,1.0098970913850425,-10.824511473093459
2000-07-05,-0.3611070024390995,10.041302757300091,0.20610774068371807,-9.763169469652556
2000-07-06,-2.7526126955033154,10.093147970806085,-0.10938674844394786,-9.437864437763096
2000-07-07,-2.610843003731905,9.72804716719347,-1.2651840893815982,-9.479125750706087
2000-07-08,-2.2153295276391045,9.913670215773365,-0.2655342252684487,-7.941512214223756
2000-07-09,-2.0628859821760055,9.940317427147654,2.3634895455308405,-7.941094440624038
2000-07-10,-3.3113811993286966,10.279153733127648,1.9710387432660412,-8.425248991781068
2000-07-11,-3.7298750995707515,9.736881276952623,1.738690653481834,-10.002057570901801
2000-07-12,-3.5464855719199857,10.071591842574882,1.0300793786747637,-10.47130752785657
2000-07-13,-3.800520998372135,11.808697176795105,1.495418885102288,-9.505467447852205
2000-07-14,-4.44708039281157,11.0473067023777,0.20757823546063214,-9.864511805524188
2000-07-15,-3.4396393501112814,10.556731972553036,1.627680686549498,-9.524698051197241
2000-07-16,-3.9221202300151616,10.419244964099946,-0.1043590750158978,-10.012179670105427
2000-07-17,-3.7907069891900584,10.253512070995018,-1.028941257391938,-8.931087032660628
2000-07-18,-4.705401468059732,8.846878255101721,-1.9237689615036468,-7.657153262149115
2000-07-19,-3.221006331089389,9.814931299037871,-3.893535736150546,-6.136089798168698
2000-07-20,-2.9967699087994184,9.085540500362614,-3.6666501206952824,-8.226367620652734
2000-07-21,-4.422564158675048,8.692604763669815,-3.2759030590324176,-7.963187810600407
2000-07-22,-4.891168857297013,8.668506929044783,-4.428015744397677,-7.718985216528165
2000-07-23,-4.067565285264448,6.951225891636724,-3.6467879583776814,-6.456360249564536
2000-07-24,-3.1619436961102187,5.645200833732095,-5.961379347787968,-6.681076287296619
2000-07-25,-4.8080088871235676,6.484874310179173,-5.953626636588848,-6.566090192614292
2000-07-26,-4.508706643370804,5.256593508942603,-7.140666770996192,-6.529178929285014
2000-07-27,-1.7610588308365678,4.698623196420428,-9.830218175637055,-6.477982823923266
2000-07-28,-0.9359863603804762,6.301598466803066,-9.616415666400613,-5.117454066886296
2000-07-29,-1.1017436896804325,6.5707473785307995,-9.121264189687272,-6.210475526420819
2000-07-30,-2.799202704630634,8.53232125402253,-8.70794128165974,-6.755412260856044
2000-07-31,-1.1407420838631848,9.92402956655287,-8.611028541384163,-6.627842960803785
2000-08-01,-1.1547494360251356,10.495720354116042,-7.9092531176762035,-4.753772117171216
2000-08-02,-0.19699439375220618,10.224329413309837,-7.0126079657876,-3.8439069256274188
2000-08-03,-0.3368960399916044,10.087815014918599,-8.412681003398028,-2.524275694421253
2000-08-04,1.0870482560088546,9.98667249720269,-9.44952178999652,-1.1795261878630265
2000-08-05,2.3546328135696504,8.64551578434293,-11.259937857179253,-0.8688942708687802
2000-08-06,2.815225615018905,9.98729584688462,-8.971118365679862,-0.09642490129376347
2000-08-07,2.494571245158604,9.72541988932911,-9.787141236082963,0.8200251229067201
2000-08-08,2.5817388156373036,8.662473679843819,-12.054814709650962,-0.464302309806518
2000-08-09,3.4983952763438197,8.9766060179208,-11.08909578468153,-0.2929629039723275
2000-08-10,2.356676979060398,6.9621741995139494,-12.16614594221621,0.6536614401881272
2000-08-11,3.20041211365111,5.51555989530643,-11.033282385439465,1.3033659915017317
2000-08-12,1.5630678727677603,4.5391502504565295,-9.758563304019065,1.6746402797437066
2000-08-13,1.677145983190466,4.075840205466465,-9.650351142703844,1.5240275715500196
2000-08-14,1.774419004377838,4.4483532534977055,-9.517862782097419,1.905397382726162
2000-08-15,1.36901345607868,4.481389615589893,-9.89090630307753,-0.13387138267768872
2000-08-16,1.8209379516284312,4.757825839334867,-10.552188434921383,0.878293387300983
2000-08-17,2.124418938751887,5.212929676558238,-11.153392180467534,1.2735855333788701
2000-08-18,1.2643941477994436,4.4745405106785645,-10.386673938885956,0.7117705618228681
2000-08-19,0.27380340986308105,3.5083454203381366,-9.839409265714695,-0.2774099217214294
2000-08-20,2.1422833613049184,4.45877298358044,-9.91431690664997,1.6756723446864563
2000-08-21,3.8587233455137335,5.0261143108379365,-11.058718185379934,1.0657524858340128
2000-08-22,4.091337906477255,5.262917689578913,-11.150220848460313,0.08465998130106989
2000-08-23,3.3824362804952965,6.712381741831466,-10.950660021367673,0.8149578997005026
2000-08-24,2.3688913993095237,6.425614819233879,-11.010637417395628,0.06152307391972456
2000-08-25,2.991414309911775,7.616238987436303,-10.627368189436568,-1.1159262789324276
2000-08-26,1.61163005241177,7.32865511257804,-8.623069298418681,-1.4412164631567
2000-08-27,0.5292394183731823,7.242334950539173,-8.203449721563503,-1.5886816180717285
2000-08-28,0.12153893188101805,7.224668507967564,-8.506928423906519,-0.055796492876009074
2000-08-29,0.41042977434118805,6.595786123886799,-7.191822797377462,-0.08405141833351511
2000-08-30,1.4859101947158002,6.051186011073051,-6.255793552144474,-0.043183240254676174
2000-08-31,2.7094016595826256,4.764493571471402,-6.480737763545763,0.7746808237040247
2000-09-01,3.2673414123440176,3.9597948383241524,-6.2841336995250145,0.799593800443789
2000-09-02,3.189069824117373,5.407195132356389,-7.152151061402793,1.3260704601422444
2000-09-03,4.778293680119158,7.224669995461445,-6.903865750650212,0.8771057506404671
2000-09-04,4.099742532652765,5.525453495768398,-5.817516271541597,0.4471352798344232
2000-09-05,2.726452690667278,5.0919469376057025,-5.498002336835758,-0.6580492058444758
2000-09-06,2.2019243220548823,3.8533100060280363,-4.292877515838062,-1.473693360673198
2000-09-07,0.5346228764604748,3.8560770167792713,-4.19211396243582,-1.6036366979186176
2000-09-08,-1.0622993914690586,4.247159164686061,-3.8479378773018973,0.24391694598990488
2000-09-09,-0.9142051548723151,3.9377598825911817,-4.266851960667074,0.7768539530769865
2000-09-10,-0.6774011954382858,1.2020967418858537,-3.7479303923655096,1.142760487204618
2000-09-11,-0.6494906418672638,0.8281217190938398,-6.168617223019055,-0.1424682257921479
2000-09-12,-0.8085318867227791,0.1427895024575555,-7.394549403868243,-0.7824038734038612
2000-09-13,-2.201772014215191,0.5106731649418843,-6.7233563361285755,-0.20639760276567942
2000-09-14,-1.7718083956210886,1.620356292446838,-6.403826218347813,-1.2543851918387703
2000-09-15,-0.16630203325130632,1.1125807922078872,-6.399988988298755,-0.8707654148453081
2000-09-16,1.3558380690097995,2.0273004238804457,-6.048687243732626,-0.24798267983597888
2000-09-17,0.8581956324394457,0.8964439426848385,-5.194925591703628,0.6071245432480841
2000-09-18,-0.4882555585049031,1.1984224302857887,-6.010169698476949,0.850449078595017
2000-09-19,-1.9108972197650822,4.627396895334966,-5.027666218550282,0.9596299414596159
2000-09-20,-2.627924997760503,6.468343311466194,-6.889972514343134,0.5789285083578243
2000-09-21,-3.193441487565088,6.32578164550892,-7.9656709435609665,0.8858208982373447
2000-09-22,-2.649629137305336,5.967847542742235,-8.800042674944326,0.8550006221973082
2000-09-23,-2.7650105168657295,5.500612771630397,-9.968646905885652,-0.7196254908171152
2000-09-24,-4.383166441957196,7.464176658293032,-10.48179996026569,-1.0276959517822624
2000-09-25,-4.8356047731533796,8.407998696017888,-11.436852407433019,-2.1596207722962975
2000-09-26,-4.3700853055723305,8.626781521574017,-10.788382694684074,-2.1367801837050644
2000-09-27,-4.6298426839867455,8.186410344087557,-10.606757176528744,-0.5029793931824047
2000-09-28,-5.6500874690098,8.627207598313335,-10.749964028721843,1.1371040128951526
2000-09-29,-4.617073299646835,8.141768464730417,-10.132868563340317,-0.6307249474826977
2000-09-30,-4.639696554911226,8.862657647715347,-9.49291816626389,1.1284700788945323
2000-10-01,-4.068067857720695,9.493029955733165,-10.225793549614338,1.2522506664767172
2000-10-02,-1.6406140920279997,9.991765026267311,-9.253722113917199,1.0590442804618874
2000-10-03,-1.3240491321961314,10.646614540060831,-6.86095108967945,0.3158045353722152
2000-10-04,-2.2945370998926853,8.793516492016757,-6.50894017146775,1.1363706095863457
2000-10-05,-2.4217370165219134,7.94570628407594,-7.252231641364722,2.094750546521513
2000-10-06,-3.277569529362835,7.268577756877241,-7.29405834388854,2.4141986014699883
2000-10-07,-3.291927558802693,6.31994281904292,-6.9613424886101845,2.489440942191911
2000-10-08,-4.378016663529594,6.809644056152959,-7.282848892000885,1.1389384702385492
2000-10-09,-4.553173676622093,5.584183704748233,-8.76747053575677,1.4337995067258094
2000-10-10,-4.332081614134389,6.446655032072099,-11.441719178663337,2.065537794082246
2000-10-11,-3.6803986322857725,5.831207178584754,-11.448935329918548,0.17406785767905042
2000-10-12,-4.4725845271836455,6.586067302213094,-12.630423667267287,2.0292802324006045
2000-10-13,-3.1627943471337576,6.1211464921968775,-11.733007946801981,3.7571452777629135
2000-10-14,-3.686821062200132,6.895668921432336,-9.057869983708498,3.203903191907135
2000-10-15,-1.510919851493422,6.4959147050994765,-10.441924983303796,2.4112707314174417
2000-10-16,-2.9956087647942526,5.799319024606901,-8.669951753989505,1.4628472113047377
2000-10-17,-1.3695319263181274,5.478107877277497,-9.232792842303265,1.051256688020461
2000-10-18,-0.5657138711183675,3.681951791834993,-9.661833109585405,0.32438730283750694
2000-10-19,-1.1619433411700528,5.116138217068734,-8.445979186652464,-0.10404299017224261
2000-10-20,-0.46360228030971073,3.4192122529306594,-9.786258399075088,-0.708631790876285
2000-10-21,0.5197913535392772,4.8984453565584865,-6.734809869667004,0.715097372083649
2000-10-22,-0.1859573515149061,5.654742433958091,-6.298387995791325,1.4257744380231316
2000-10-23,0.4005742020243688,4.933042312230128,-4.718051021271881,0.5566730296977637
2000-10-24,1.2548267354294516,3.2305140673252595,-7.3047032804881695,0.3286511449207845
2000-10-25,1.8459530727960058,3.23957803896107,-5.3680534644133235,0.16823731255646862
2000-10-26,1.8874998196334094,3.441005049628316,-5.380809829862724,-0.8209485293062977
2000-10-27,2.0998897898238003,3.080640724306932,-5.995768032550408,-0.013315678492132221
2000-10-28,2.5212641473233175,2.069332765525009,-7.396596562178585,1.3098510281931957
2000-10-29,4.200972436666755,3.4195178392479466,-8.728895922289775,1.2870340535124565
2000-10-30,4.097591220777108,4.0488886036467555,-7.754781792051165,2.956538792553043
2000-10-31,3.1101892493376986,5.1250213878899205,-9.269906160053932,1.895611510357333
2000-11-01,2.981830153517314,7.233399359717482,-8.568744650897255,2.0781405995522673
2000-11-02,3.1883503404743525,8.306209525947724,-8.42071635281042,3.0077320200232505
2000-11-03,1.90646995380774,8.034359610968128,-7.371049678501494,4.488876442950036
2000-11-04,1.35621376441981,5.776773250775679,-7.404789188618796,3.4382233240849134
2000-11-05,0.8224885971216921,4.3578424971160565,-7.989487178246218,4.649302715878852
2000-11-06,-0.5126733207768855,6.058749912370356,-7.9699864555994955,5.068729131350867
2000-11-07,0.18894163810982512,4.692423898839294,-7.286948344800874,6.464394327550847
2000-11-08,-1.0594627901981681,4.981117481254682,-6.832051584276189,6.065868108452658
2000-11-09,-2.839949815925548,3.3592770313498623,-6.488340775238669,9.578305081079613
2000-11-10,-4.169254789845792,4.0402699119252805,-6.17427925922036,10.700122798989025
2000-11-11,-3.1354721904634264,4.288627016537884,-6.429645795234024,10.637140636755893
2000-11-12,-3.190972254941333,4.904731761085295,-6.36300674414056,9.80650925379777
2000-11-13,0.3780875629327922,1.971683749564586,-6.3280507162957695,9.818036443794423
2000-11-14,0.633498012889825,0.6776422635477255,-7.4091310612380905,10.451101180688779
2000-11-15,-0.03760236773942638,1.256300637741771,-8.020092203397688,10.214206600256748
2000-11-16,1.1737519964997043,2.2912519010073336,-8.186646418049936,11.011666933389181
2000-11-17,3.284553673799304,2.515926626741622,-6.783607506958155,12.301290103878443
2000-11-18,2.647165299281389,5.245987143611412,-8.359553179941273,12.74555259719883
2000-11-19,3.371874614750837,5.212889209630307,-7.248590030283317,13.911926463243887
2000-11-20,5.758935240328627,6.173880463381988,-8.102939611046917,14.303876575533085
2000-11-21,4.677784454877211,7.75232379867908,-8.908946568091883,14.548055260940776
2000-11-22,5.970734474904646,6.498366892500593,-9.660712436930659,14.722163277698682
2000-11-23,7.139848098687107,7.454148721517903,-10.14787759962543,13.804485702030984
2000-11-24,7.665112535980658,5.977647704717777,-8.77884256948202,11.970708151494721
2000-11-25,8.51305669567171,5.372679086639527,-7.407062439912178,12.236713276149917
2000-11-26,6.904488430610158,4.875679858255931,-7.809024229520032,11.518799207863639
2000-11-27,5.758756998000772,5.361827078001366,-8.961014078660154,13.433037775387218
2000-11-28,5.213800601285586,4.947269995775511,-8.057160760650632,12.499581889694376
2000-11-29,6.770310180583217,4.754606704402308,-7.797989578958055,10.562747256786208
2000-11-30,6.609641676924348,5.053250157666597,-6.947533204434132,10.64052823927007
2000-12-01,5.993765873719838,4.578984627351745,-6.575329476435275,10.673383786241422
2000-12-02,6.199939411895766,3.9195169227271656,-5.801675007152814,10.73588275237008
2000-12-03,6.928539142243949,4.444318628721685,-5.752879598119264,10.101798030723462
2000-12-04,6.572570854362233,5.8095190373398715,-5.074932073955393,10.020458001667027
2000-12-05,7.4990267151257495,4.692344376057851,-5.492065058484927,9.74186240859449
2000-12-06,8.320775711765135,5.767780933116318,-3.6009481080756656,10.271207417127256
2000-12-07,8.691102834598153,6.487206034695078,-2.54824374037874,9.364665482692377
2000-12-08,8.960988695016221,6.133995118004346,-2.9415652452210304,8.210856026388882
2000-12-09,10.612873213275364,6.19928349141502,-2.443479373735987,8.6836976171155
2000-12-10,11.501333834676942,7.940974161970903,-2.021244222253689,8.434102300494947
2000-12-11,11.26941649696475,9.895708954963986,-2.015428582790355,6.527021107503108
2000-12-12,11.021784328773562,11.593121479203607,-1.4255801147600518,8.58538579224003
2000-12-13,10.37792567804031,12.097207525822366,-1.0354727356824636,9.75843708445556
2000-12-14,10.275390390628665,13.205783636412134,0.03761928103363954,9.364257975732158
2000-12-15,10.011816265812438,13.675074296312989,0.9556163703084504,10.822643718651104
2000-12-16,9.345305027639066,14.730575996736489,2.4030169993574475,11.824511633293987
2000-12-17,6.990846213630922,14.98677428961028,2.4788006426563856,12.914510364418527
2000-12-18,6.197315964559092,14.514507651099702,3.804998774264471,13.015373986049497
2000-12-19,5.138420158475327,15.543494086693523,4.521587445808947,14.357470995977877
2000-12-20,3.5442361300229845,15.438017963645708,3.1552958893740763,15.684525472715535
2000-12-21,5.709785814767008,16.932259847924605,3.324977517993222,14.166212286302851
2000-12-22,6.173704332775601,16.9167686270198,3.5468510629556924,15.742209953369555
2000-12-23,5.002948767017051,16.55581923740012,2.7650767603201194,17.477212521009513
2000-12-24,4.372754184612337,14.428033344593404,2.3636671154836835,18.4617687796665
2000-12-25,5.012642964045373,15.959192135453524,3.504471275812491,19.369601492742827
2000-12-26,5.471718319397068,17.237684578509846,4.846631702800758,17.872291848476127
2000-12-27,5.697338686358478,17.255160364049164,4.155974985181526,18.398113020745736
2000-12-28,5.745179588888356,16.683989648527987,5.525853710002956,18.209471144081704
2000-12-29,5.733287851828597,16.217357347609315,4.3553412101025515,18.67513144746765
2000-12-30,4.819170970368557,16.199289588124124,3.98388795945108,17.95170978259789
2000-12-31,5.59093099621291,15.848521036622262,2.6926505131588225,18.768317492525444
2001-01-01,4.615311729382596,15.659559791536871,2.4859563732314687,18.407572852909258
2001-01-02,4.632993572918814,17.074774305087942,1.1896124018074268,19.20258025042346
2001-01-03,4.711096473506999,18.082899116515012,0.8499853284790468,19.254522522243576
2001-01-04,2.424155932984001,18.224745468684187,0.506994660850169,19.17890734464763
2001-01-05,3.548126052013732,18.334388094184494,1.2321935066807461,18.511935817595287
2001-01-06,3.608802864383283,18.86347384389214,2.4235154105997903,17.59399034650738
2001-01-07,3.587643493395381,18.389278317197686,4.02951238399905,17.15459607776908
2001-01-08,3.835212074147122,18.377266869826002,3.1754614577523776,19.6070150499966
2001-01-09,3.566973706250866,18.446550407225534,2.8132612525880005,20.17481128857624
2001-01-10,4.1892038905059295,16.855025940477244,4.305083747041998,19.86546181585595
2001-01-11,4.203929692983267,16.84975914554043,2.595295831797463,19.644626542488336
2001-01-12,5.338220486282633,16.42491708983783,2.9634153441483106,20.38178154167912
2001-01-13,6.758617524183242,17.508761784231552,3.1267764622910685,20.039020783861783
2001-01-14,8.003911761742582,16.638635031017703,2.5991541726080127,19.586175351964346
2001-01-15,9.513636657840927,16.074234953271844,1.7056945010870277,18.532718239099683
2001-01-16,8.386598092783359,16.05736989743925,2.320406022707627,18.484612779504047
2001-01-17,8.407124432041469,13.693670173697448,0.6528381648981021,19.266610248520287
2001-01-18,8.581486549582369,12.005019402927626,2.3040075244026927,19.877661530815345
2001-01-19,8.625515481735391,10.825499970009869,3.182232085260858,19.89993094773522
2001-01-20,8.862365363496208,10.434166651312358,1.8422915631816035,20.639957994303565
2001-01-21,9.931576488108174,10.819340634250057,-0.28483201832770444,19.793219091887362
2001-01-22,12.045485574145534,9.989449192871273,0.4991145222854856,20.261393426124133
2001-01-23,11.644461374037567,10.311376118466947,0.8613945619853064,20.800747885096914
2001-01-24,12.485957416954406,8.97110486856832,2.368925171023153,20.706508452476772
2001-01-25,12.800138338830493,8.261321218553741,2.093536519530033,20.424741836932462
2001-01-26,12.116411612435325,7.47376540865482,2.428190503793218,20.332344298679505
2001-01-27,11.88375833110665,8.049025510058412,1.9905213910953452,20.350375967165185
2001-01-28,13.020575606704032,6.996495688163213,1.996486424224271,20.21133586257259
2001-01-29,12.681064510052085,7.919039556949702,1.8594839225040178,22.61875577728154
2001-01-30,12.0343968534204,8.486485627397705,2.262589662336091,22.450386235269733
2001-01-31,13.939888971161183,10.267064018168469,1.8853358879149558,22.45686706403771
2001-02-01,13.645095635825477,10.84367781964333,3.990043478060209,24.22759516131919
2001-02-02,14.150939927674688,11.35987846634476,4.84863117807444,24.904176356585335
2001-02-03,14.032704136803336,12.676092748718386,4.458123523256111,25.042491946671458
2001-02-04,15.213331113634274,12.310039292678333,4.691736245965272,25.290070725108155
2001-02-05,14.711251301599003,12.419970918773766,5.255612953833371,25.763509048330025
2001-02-06,14.859293633440833,11.82629703445585,5.361819887740976,25.581796839338086
2001-02-07,16.424339239065212,12.574419094794418,4.382553488022727,26.084620455263032
2001-02-08,16.396903444727833,11.656586576844484,5.40341324900467,26.218368659601552
2001-02-09,16.148057910316876,11.130917132750449,4.254055797014365,25.468747453888245
2001-02-10,14.986868812113785,11.709923828664111,4.717209141416764,24.978878067518444
2001-02-11,14.900750261747287,10.23159135816321,4.672074780182321,24.683792713231053
2001-02-12,16.309632901549683,9.11714096198006,4.544932354831278,24.834636545106846
2001-02-13,17.162292324633206,7.820221079483966,3.876626151316253,24.274144107824874
2001-02-14,17.4796185059133,7.39695794110944,2.8298288999482297,24.595758288179944
2001-02-15,18.204514384884668,8.591931677741016,2.5773369312683587,24.17088799929928
2001-02-16,18.241366611627015,8.55768051441083,3.2081882970582862,22.875893956568454
2001-02-17,19.42468498293159,8.68542613494529,4.77936827898146,24.470016779945613
2001-02-18,18.88260836319708,10.367612952404697,4.405468945310199,24.550371554436563
2001-02-19,19.568579915411128,10.024798147601462,4.540189166990824,24.606478260949586
2001-02-20,19.615921501210735,9.017048667148044,4.229058753699437,24.660841753756262
2001-02-21,17.421482644553187,9.561901116942678,2.4724295907580314,25.133352309384495
2001-02-22,17.8328974136969,8.850877056535401,4.382408323353104,25.453937620227094
2001-02-23,15.800913155167843,7.12904306128598,4.9506775618785515,25.816405713596684
2001-02-24,16.53297240937005,6.339440410009758,3.656453832159551,25.476062018800036
2001-02-25,16.490502951977525,6.450006236988953,3.171866242693366,26.21822658097006
2001-02-26,18.197723518604676,8.622545637863507,2.458939806665191,25.2688506745123
2001-02-27,17.837567708614742,8.45159392021984,2.8756868904862443,26.055033679529572
2001-02-28,20.00194708090466,8.236774479039342,2.18208860769135,26.331281636842668
2001-03-01,21.57168509288583,9.634469443822063,0.32486153513851135,25.940753511832895
2001-03-02,22.658311709064925,9.811995756310772,1.1819995331784843,24.84072412639414
2001-03-03,23.563734152895254,10.857262642316844,0.19356907032886028,25.336696205173624
2001-03-04,23.752985496026724,11.728002590232224,-1.3902556712151966,25.65707817029695
2001-03-05,22.689994013241904,12.505236375256585,-1.903245881690574,27.522139671407825
2001-03-06,24.016477630261296,13.38247325584164,-0.3954774219228012,27.196716210149887
2001-03-07,22.85207592380312,14.766616202504133,-1.5420606293144552,27.330416672134767
2001-03-08,23.200360670157206,14.808763384067824,-0.7821513138412556,26.509910139015464
2001-03-09,22.920249021134442,15.997721614004583,-1.6655728807241696,26.85906401202811
2001-03-10,22.87825805221151,17.544624878314707,-0.6579068086420372,29.108230545301552
2001-03-11,23.511038238893715,18.73525057759593,-0.6353179812163257,29.14208928277633
2001-03-12,21.343689234628904,18.654378522355586,1.3435460468784717,29.14036847658358
2001-03-13,20.1708941018837,19.65593850075102,1.0030808329556486,29.73741217266918
2001-03-14,20.325470791078853,19.190783564705804,-0.38719328720411084,32.4046183500086
2001-03-15,19.809003806821636,20.25788528937933,-0.9417276559357995,31.864413118309503
2001-03-16,19.522807999166623,19.822990651307016,-1.3827159839067429,32.830066429436854
2001-03-17,20.670406417439203,19.94762980761637,-1.675106865424036,32.54607594751968
2001-03-18,20.249538034752426,18.791690679860412,-2.7306131733051284,33.770138636872886
2001-03-19,18.510167333264103,18.105023384089634,-4.486326643523552,33.804531056136035
2001-03-20,18.43467664421712,16.959240063044387,-3.72222970639545,34.13561066147505
2001-03-21,16.927998411450446,15.791248034461427,-3.65775554311705,32.763444261179934
2001-03-22,18.23728460798407,14.218958481121662,-4.319154744636281,35.17037417366002
2001-03-23,19.0890149120752,12.487870814522996,-5.085999678512842,34.024600893524635
2001-03-24,18.77053935294956,13.396448283594648,-4.935507546634687,33.77820398981335
2001-03-25,18.49115337713923,12.49867311518222,-5.9122417658424675,31.5770044025642
2001-03-26,18.49120247597585,12.719729566586476,-6.453387045075526,30.07949049114635
2001-03-27,18.20873392142459,13.4920651513528,-6.634371642046407,33.55989027170392
2001-03-28,15.970270330132301,12.94710532705227,-5.9693578053786975,32.98013111079446
2001-03-29,15.636359277742448,13.915502541211591,-4.624752923492846,34.074493899917506
2001-03-30,15.250613462856998,14.234378543001517,-5.656066701775976,34.79668431801529
2001-03-31,15.255850527119758,14.246936814086096,-5.310100850504064,33.199300845884146
2001-04-01,15.762086916635626,13.765052612574504,-5.583349750339483,33.617658448189516
2001-04-02,16.47980359260243,14.619116914356235,-5.514813212650482,34.86212943391492
2001-04-03,16.71260833482048,13.955908507006042,-6.637834892689752,34.98814481787414
2001-04-04,16.925149119559926,13.448039306178739,-7.616861028469001,34.60636689675023
2001-04-05,17.499846819730102,14.06631198397498,-6.97635381719887,34.46531837094184
2001-04-06,17.35850739277722,13.68770275689707,-6.4938354900195625,34.593191750579905
2001-04-07,17.899134516164796,14.860637516775224,-6.792778349178336,34.54975414668755
2001-04-08,18.26535679160391,14.70110001498356,-9.01503204666938,35.06251663580822
2001-04-09,18.257038059983444,15.079103884835137,-9.384440239498655,35.60087262079275
2001-04-10,17.847716062919705,15.84040637958015,-9.107629008936271,34.33514227151053
2001-04-11,18.568562883559146,18.056742562558256,-9.654431016149601,33.930094365580466
2001-04-12,17.985312125370257,18.75070118998469,-9.952500713007376,32.93049899280524
2001-04-13,18.557717239810668,18.970482816559322,-10.299508825041032,33.454556706642535
2001-04-14,17.850750004884897,18.67326389144119,-10.635177541285463,34.20100698001536
2001-04-15,17.284555619241324,18.667916877957452,-9.085302589044,35.025074314224405
2001-04-16,17.406911930476547,18.203487233071517,-9.121239907711868,35.87321658764628
2001-04-17,17.827844899998297,19.376021478247612,-9.248371002774505,34.99844692753831
2001-04-18,16.549706257279247,20.136126049265425,-6.649763356132407,34.74754608529061
2001-04-19,16.424616077307885,18.75031100714196,-7.950079509131095,34.67768054269669
2001-04-20,15.953183656144457,19.969707488458646,-9.109228217492522,33.91478638605578
2001-04-21,15.96977055288691,18.292686717404003,-8.292959127470509,34.092018638912286
2001-04-22,14.401526266818124,20.85373788281519,-8.402725014793242,34.03287907164377
2001-04-23,13.961501829952756,20.77120465222167,-8.286299913065616,33.82570979937107
2001-04-24,13.192166435057125,21.273897670566868,-7.738491755255547,34.82686607920778
2001-04-25,16.35217899093879,21.931467855802847,-9.777170043683796,36.12284678103485
2001-04-26,16.864367356282656,21.694150729557418,-10.01416812344974,37.22587337889799
2001-04-27,16.594135591484864,22.274248952131252,-10.51585902145329,36.92726751311842
2001-04-28,16.48914051566597,23.237677941556306,-9.14604981887422,37.101966967833455
2001-04-29,16.184692446828183,24.377805715971427,-9.341955729414813,38.31938747139385
2001-04-30,16.635535455693105,24.341606179291446,-9.180961136297045,39.10594403990789
2001-05-01,15.396340932941994,23.11456574654156,-9.669968273241226,37.61806778957046
2001-05-02,13.811385913640333,23.036773348232035,-9.478147662744632,37.84079488644452
2001-05-03,14.952059401534237,21.675883553819293,-10.206994568003077,38.81859322290214
2001-05-04,17.02750704248349,20.903781856962063,-8.681071925355873,37.616544343453704
2001-05-05,17.649218606771484,20.58347426609139,-8.484555809708556,37.54288894460597
2001-05-06,17.582218391402698,22.10848933046834,-7.874067665264837,37.797667390742355
2001-05-07,17.843081195164793,22.87743069747252,-8.184040526781766,37.36433493522731
2001-05-08,18.4485793462262,23.477998257764565,-6.79278571512833,38.71676477821103
2001-05-09,17.211463051319424,22.605598828508466,-7.960135551940894,39.837885190738824
2001-05-10,18.53563078621528,22.104035304731244,-7.581544240753424,38.06100098535839
2001-05-11,18.52421838763468,21.283018373251323,-9.099291902326893,37.44063223575257
2001-05-12,19.766408851272303,22.083447625851047,-8.911812189852377,37.92458801932097
2001-05-13,19.77438942279585,22.999316268683675,-8.437191993491451,38.94668607863676
2001-05-14,21.548876092554014,23.865034436592495,-8.503409800638815,38.902461084554744
2001-05-15,22.52196790952642,23.962239288057773,-8.894541483141943,37.77450604908854
2001-05-16,20.799494289678172,23.45822081954994,-8.949880347134437,37.43001067901392
2001-05-17,20.887027498959032,24.302210472138107,-10.492178420523604,37.17093461629199
2001-05-18,21.70557961813909,25.542223164740793,-9.916960070301856,36.32825702017387
2001-05-19,21.51218242894133,24.898255937088194,-9.999506803690347,35.9021530071017
2001-05-20,23.003860576541676,24.670670779920368,-9.976828894465006,36.008266509957785
2001-05-21,22.762268473048113,23.849959717882594,-8.615010751697367,36.00572404621218
2001-05-22,23.138865176499195,24.214623428997033,-8.829169722965036,36.80268053416505
2001-05-23,22.422170268979116,23.889965127477836,-8.162749624408455,35.384237260867
2001-05-24,22.490357667525608,23.70888012556705,-9.52190299090423,35.07696272625297
2001-05-25,22.24871819365107,24.75604988250759,-11.115297148442366,35.67354088207596
2001-05-26,24.156949482648695,25.67526952817667,-11.948542634593178,35.32010779320777
2001-05-27,24.10404882103127,26.69285629577478,-13.563200407749353,34.05844341801659
2001-05-28,25.110483249338273,27.582375527806132,-13.10924752029114,33.27272576461592
2001-05-29,23.545914698738155,29.21936671769009,-12.755662840115948,33.397982117393454
2001-05-30,23.38213297738576,29.486903033275638,-11.26299590216853,34.39132020014006
2001-05-31,23.321427410812685,28.235360128172537,-10.190819505208534,34.50087361630401
2001-06-01,24.10905098733619,29.5185399652079,-10.676632098266941,33.86715493950781
2001-06-02,26.90338876590352,29.620976676206972,-9.721306429833756,32.084704595163245
2001-06-03,26.12021604884958,30.468824732797728,-9.30221552987229,31.676565872983346
2001-06-04,26.51197262605457,31.836869534677707,-8.692515051754071,30.337680751510483
2001-06-05,24.65630865566848,30.472344936929584,-6.822228118175502,31.065382259257223
2001-06-06,24.873411217072935,31.127579148161907,-6.345424091435939,29.806661362929628
2001-06-07,25.847681613117327,30.970276667106567,-6.6978194327167415,29.239708042978734
2001-06-08,25.08547753847363,30.947653474740036,-7.176223692007042,28.64995035000984
2001-06-09,22.874660842318285,31.19206461439841,-6.7229828094311275,29.28674234160807
2001-06-10,23.637618896099738,30.44577222533073,-8.188675293714837,29.909453449416493
2001-06-11,25.029861688708095,29.068472895727304,-7.327961107631606,29.691015048356352
2001-06-12,24.402429777258565,29.491062384876294,-6.582959059033076,30.16220046475565
2001-06-13,25.2270054828565,29.894718262822238,-5.82870460622566,29.83394738972827
2001-06-14,25.463672242301644,30.453691346340126,-3.0275379901993547,29.344327387655223
2001-06-15,25.440795640186618,30.356088151751454,-4.165613871039017,29.589664047484607
2001-06-16,25.85952683436099,31.200421510216103,-3.542397313336224,31.594350030578717
2001-06-17,26.153416954181253,30.786813666684154,-3.333230742016961,30.809161781103075
2001-06-18,27.32276914501667,30.69174500908021,-2.469386932921723,32.96937443917772
2001-06-19,26.600630013894474,31.0822289334879,-3.015834153702546,34.170817853503245
2001-06-20,26.747261058333237,32.59362124385553,-4.842250382179797,33.58235804013093
2001-06-21,27.358744934394704,32.74720833682724,-5.950765247993252,33.163245806012306
2001-06-22,28.414361752598953,32.94329355431266,-5.720910709223523,32.24112455099581
2001-06-23,28.705246688681072,31.58398968352755,-6.395389886793904,32.34864019407635
2001-06-24,29.19126202376223,30.545280630509303,-6.013742584248119,33.84694576263714
2001-06-25,28.501524847297993,31.887162110292447,-4.568684515416994,34.168774317516416
2001-06-26,27.510021619084565,33.60402005533055,-5.826116827536085,34.00514266842888
2001-06-27,26.518938455756974,32.16621965736333,-6.833773087799715,34.9383819641929
2001-06-28,25.8809559685157,32.29736404738015,-8.558285557106883,35.20636435980895
2001-06-29,25.639285138193973,31.796351220422764,-9.951616083092668,34.360176277981466
2001-06-30,25.882526287783783,32.120080197509566,-10.982011667671463,33.79872265925241
2001-07-01,23.77401418814161,32.052612433822325,-10.118301974062183,34.90429148563057
2001-07-02,24.30479997314182,32.10456205775317,-10.061335420286605,36.88613703378627
2001-07-03,23.47620451312951,32.93931211597571,-10.369288217946222,36.958073891798634
2001-07-04,23.81790081007078,30.60133229279966,-8.977105604349843,34.534872728890704
2001-07-05,23.346539790617097,29.86233996664803,-7.637904454764083,34.10679531686277
2001-07-06,22.358368017777686,29.393798009705694,-7.752406831779977,34.876249885048686
2001-07-07,20.989371821402138,30.95394635363951,-6.828820855602362,33.5154770907744
2001-07-08,20.678874846146417,31.409780601270427,-7.057527281157482,34.00712394679509
2001-07-09,20.293160295883922,32.07846594687955,-7.705398720173088,35.557291619763284
2001-07-10,21.555714738357118,31.35635597315086,-8.910406319074195,33.88984312206385
2001-07-11,23.560039448457395,32.70720511274122,-9.71318744272296,32.99234456327325
2001-07-12,24.463500409500742,33.75123157052466,-9.435775694806965,33.022736914240426
2001-07-13,23.56183022939205,33.47413330565933,-8.495612108542772,33.62681235498398
2001-07-14,23.852659884199216,33.09296793280425,-9.279028734108376,32.771783414842844
2001-07-15,24.458734231865623,32.49501739112465,-9.363681303732909,31.824256505662373
2001-07-16,24.176932553103548,31.49327085302223,-10.510662475299064,32.62028558761562
2001-07-17,23.931981875549283,30.15381318545956,-10.070295080096644,29.767991402250942
2001-07-18,25.111902574219023,29.35419482302164,-10.352774109012218,31.13158437860045
2001-07-19,26.516991401207168,28.993689070794137,-9.421245973418705,30.082927251901566
2001-07-20,26.38776828892636,30.000957577582337,-9.551617183273013,30.330064787850684
2001-07-21,26.315697772733905,30.03045023784461,-11.231441063242988,31.49680817692728
2001-07-22,26.677653521373035,27.74482410189477,-10.571644187842963,31.62253576635695
2001-07-23,26.962000294113174,29.30475854443574,-10.33926152140461,32.75415320668391
2001-07-24,26.05859236181411,27.434319086705493,-10.048026592629203,31.72733294552271
2001-07-25,26.903452679075805,26.04215211421905,-9.586248208448206,32.66515076786559
2001-07-26,27.175557758996284,26.53111010393122,-10.464009022862573,32.30427921786071
2001-07-27,25.135514517452293,28.26030631412061,-9.069407430920842,33.26553459123928
2001-07-28,24.670660106170228,27.471861668720678,-6.134512768906236,32.3686586474065
2001-07-29,23.970427823707496,29.572961553010906,-6.262469232816453,32.05301035751166
2001-07-30,22.53026174422067,30.13535333498051,-6.3129540414546685,33.60841776854651
2001-07-31,21.912369951102317,30.61885951184394,-4.699384747348602,35.37378341278465
2001-08-01,22.25539429517396,31.55357755571907,-5.603897445084018,34.26764655925436
2001-08-02,21.790218855345145,33.08492312255477,-6.818656512912651,34.64630971136363
2001-08-03,22.57921233538264,32.96702456598861,-6.602612398078843,35.0891196299822
2001-08-04,22.889443751149603,30.939552719765977,-8.552106637275957,34.35118928342538
2001-08-05,21.25523843396329,30.540818312249613,-7.639976969302092,35.28663838439447
2001-08-06,21.407513057666367,30.10286293944856,-7.491482910299474,33.85898424049344
2001-08-07,21.213159654413996,30.72641936589256,-7.583905905515915,32.68881581379919
2001-08-08,21.8464991747797,30.43855925873224,-8.515475310281735,32.89523033299479
2001-08-09,21.28688591602046,30.10560369901144,-9.540721979352833,32.21456386256871
2001-08-10,20.38297843820722,31.729293738989035,-11.599296626874853,33.2609437889329
2001-08-11,19.35858574778325,33.27211284465151,-10.337650690327637,32.728770332752
2001-08-12,19.219884000995425,34.711295415609015,-8.638903088552627,32.41156029825231
2001-08-13,19.771436128074242,34.08888763199138,-8.485370347662831,33.48233591176361
2001-08-14,19.653110705840646,34.31539777411337,-7.526360595562059,33.00940406374156
2001-08-15,19.40264325368888,34.741761568759586,-7.203867546902861,32.23608375292453
2001-08-16,21.396939104192775,36.63593272366466,-6.83624973246104,31.62661389778941
2001-08-17,20.325701406030504,35.831353261007735,-5.730150369171989,33.94573173505397
2001-08-18,21.843264034324793,36.20202221340594,-7.827632309053026,33.4539374281932
2001-08-19,21.453677765634048,35.32146401698523,-6.22970710183748,33.123684047617836
2001-08-20,22.600444076061965,34.70974801339481,-5.76682498118077,32.829551139548045
2001-08-21,20.725673394861396,34.35079839317952,-5.918697311455185,32.761863028896826
2001-08-22,21.03749722023603,33.68627357376475,-6.573625579948387,33.1097549734099
2001-08-23,22.35160553892276,34.86993319660264,-6.5112391191538315,34.00425686444751
2001-08-24,23.341540240453977,34.931321768614524,-4.680532153187963,34.046017093179245
2001-08-25,21.646293752511745,35.30974580911931,-5.7459810518275445,34.957537019374584
2001-08-26,21.648036715596792,35.18765233297352,-6.134380841932351,34.48119414770781
2001-08-27,21.655325564561142,35.52617995410924,-6.286785467217755,34.45383753165113
2001-08-28,21.699139178144588,36.11750527170417,-7.977484797153972,33.22970756682926
2001-08-29,23.895256663126116,37.65414970512445,-7.3257389820157695,33.330308841591275
2001-08-30,25.397649297938187,37.58636356503541,-8.822784925275197,32.79340511114709
2001-08-31,26.475496175472557,36.69693557318201,-9.80784271366571,32.65782128736447
2001-09-01,26.08184075590751,38.987591861179965,-9.719010116477701,33.08120711312289
2001-09-02,27.102926900085926,37.982691390399275,-10.601434532458798,33.27502385208254
2001-09-03,27.39052738664165,38.00272037670546,-10.155887937503314,34.82081861570331
2001-09-04,27.910263267220408,37.63291758793619,-10.266389808541867,33.5447360252595
2001-09-05,26.467732898029467,38.655030152671756,-10.476149231108765,32.96582168991965
2001-09-06,26.598464197129957,39.80952994793406,-11.279281151814073,34.10410056496337
2001-09-07,26.88270709830262,40.18245506615288,-11.345409332414368,33.16711965434464
2001-09-08,28.380377354733213,40.99267472257318,-11.837074352765093,32.79709295784575
2001-09-09,27.048960388245927,41.38014373700332,-12.664913306784255,33.88759097847921
2001-09-10,26.665285674280106,42.12723555959057,-10.379400088889387,33.26619822421456
2001-09-11,28.947642289796402,41.617345144515454,-10.673647997680554,31.83254565575478
2001-09-12,28.297167476836048,41.11395154816199,-9.9850186533498,31.816035490083973
2001-09-13,28.139211892002177,41.54005845326109,-11.935079253136692,33.22962887078479
2001-09-14,28.731615296507904,42.03735830464944,-12.277376551014434,33.31277997066136
2001-09-15,29.06530773459041,42.88985780796232,-11.560062011896523,34.8509951562261
2001-09-16,28.87226160157409,43.21100391657276,-11.876659948684164,34.97524402182817
2001-09-17,29.174457870920907,43.04233374457725,-12.491642021096972,33.78021834237493
2001-09-18,28.981493831171324,43.73458000601103,-11.473423252220607,33.78006517673422
2001-09-19,29.84472661528823,43.73763377041248,-12.283744949964808,33.952075421988226
2001-09-20,30.850893435007524,45.715488248555786,-11.947983769149955,33.33021850760559
2001-09-21,31.709902095743608,45.50504611647905,-12.211567688121377,34.985777540512565
2001-09-22,31.653545414500357,45.63341629507062,-12.874251415540348,33.74313625770435
2001-09-23,32.10812371427503,46.37623068217791,-12.160259048309383,33.888612849840975
2001-09-24,32.84632507613674,46.6991178812423,-12.7154960503646,32.20337667260606
2001-09-25,32.483834804373565,46.97048031698051,-11.965314821887727,31.540426666555845
2001-09-26,34.74610090946776,46.60054439437505,-11.071317527978639,31.809041940847653
2001-09-27,35.842903369489754,48.09887031972319,-10.027144390444937,32.036715322472965
2001-09-28,35.86091827781686,47.6202479005553,-10.025655652891276,33.11839729326711
2001-09-29,34.81608230109237,47.67578291232621,-10.305284067744477,33.73201768612208
2001-09-30,34.3023841249347,48.265133017312195,-10.01764765680045,33.821817858649624
2001-10-01,35.27309715718952,47.647582245798375,-10.767636720457142,33.35272700698912
2001-10-02,36.254287477394506,47.559067538714764,-12.092629681375135,32.939123506694415
2001-10-03,36.95353816034919,48.450107592856064,-12.726552812453534,34.183977273112475
2001-10-04,38.039885911518255,48.92260511332874,-14.626998871844107,33.77613892701473
2001-10-05,37.88945620560858,46.96766195240612,-14.96332862048854,33.20953176886682
2001-10-06,38.29339843992013,46.051566058754766,-16.949600512064958,33.635412506385904
2001-10-07,39.226731782913426,46.15200957544165,-18.212476918296915,32.928268730446895
2001-10-08,39.809123107828675,45.39373488648202,-18.567680861443797,33.553783523376836
2001-10-09,40.00499576857277,46.37259036129631,-17.975717677295975,32.187941610006355
2001-10-10,38.780331948509975,47.85759057734927,-17.66540604682519,31.631833090936787
2001-10-11,38.57920157448285,47.02606803003026,-18.105421832677074,32.459495810605645
2001-10-12,37.28211386634661,46.370397829208564,-17.474528506763722,32.768101385090404
2001-10-13,37.74353699525221,45.413423493313545,-16.76510894666272,33.27377500242021
2001-10-14,37.50398520191094,44.36797473172585,-17.913686258052184,32.470807474288904
2001-10-15,36.21108312423667,44.258693218599255,-18.650378400814848,32.822182188752556
2001-10-16,36.8345519684765,44.61882283872274,-17.792509998890825,31.995203443991183
2001-10-17,37.25861635857819,43.15083905240316,-17.510612276875268,33.29390418516418
2001-10-18,37.30407540568565,45.309006616990324,-16.24204386716246,32.46616196647571
2001-10-19,36.37555481340848,46.32830501212412,-15.998276400253053,32.297160852274644
2001-10-20,37.1711710088635,46.6870060524724,-14.441449676152162,32.069957325284896
2001-10-21,38.26303782216181,45.22905757602576,-14.134447024056504,33.25005812252436
2001-10-22,37.85874971364231,45.3262233094544,-16.413572494601468,30.07030628529946
2001-10-23,37.517922571758085,44.903462680797034,-15.33807223435919,30.66167428772838
2001-10-24,37.32529239061445,43.106631815601666,-14.698384266414736,31.188604766819765
2001-10-25,36.45488544435129,43.47659681513945,-15.46637937164977,29.04112119188172
2001-10-26,36.07643571363699,44.40930905424999,-13.677196204399312,28.485236936581014
2001-10-27,36.677387798580696,45.45858591202246,-13.889047944696108,27.805955589416357
2001-10-28,37.78600385816545,46.79134772088732,-11.770187424662982,29.034511418202918
2001-10-29,39.07900984819281,47.88019644792988,-12.523251916882066,29.45300906609949
2001-10-30,38.53221571651341,49.58973151383629,-12.623528541922205,30.110467261479368
2001-10-31,39.5077677612849,49.95877592943914,-11.678141801221408,29.93783405976481
2001-11-01,38.28810644828783,49.76459378371774,-12.67600082791458,28.929534369292707
2001-11-02,37.05323875533159,49.14839094588482,-13.138509857183589,29.917973401109226
2001-11-03,37.36211009591749,48.68237750882525,-12.769891536899372,29.806945914050416
2001-11-04,36.26255987385366,49.02375193914359,-13.501120878454346,28.583425634665193
2001-11-05,36.4442837076796,49.05823011924841,-13.837754718860475,30.10848299568225
2001-11-06,37.11980984428035,49.993778529743864,-14.125005793273417,29.365776036372896
2001-11-07,38.17446739588455,48.61900207415542,-14.650670380652903,29.212270257141785
2001-11-08,37.558600088661045,49.286027509495575,-16.51710446516029,29.162256293839985
2001-11-09,38.14155331064546,48.65042825915727,-17.344148639569887,29.536523511867205
2001-11-10,37.31328794181367,49.97172071950634,-18.771022246875674,27.674145269625665
2001-11-11,37.53291496003928,49.76617567923365,-16.947511897427404,28.197102115525045
2001-11-12,39.423362850023075,51.01517152815539,-16.524479950801872,29.370798046343822
2001-11-13,39.72147894743378,51.75389356320011,-15.132853471434048,30.345866560392313
2001-11-14,38.2714157760221,51.71753882208388,-16.362552941739942,32.09712449494457
2001-11-15,38.49017567076173,50.33795630412942,-15.50145869208,31.708861546937495
2001-11-16,36.87670198826207,51.819609974905255,-14.063414451161355,32.81008971564438
2001-11-17,37.858226084966226,52.80977249025341,-14.147058584960774,31.92683346054277
2001-11-18,37.22937302762945,51.80448974532081,-13.028021432819902,29.730952883492524
2001-11-19,37.15718311640019,49.1611429104023,-13.618597968176617,28.85951718681866
2001-11-20,36.18695367712405,47.925742644967464,-13.114825975874389,28.005806063711898
2001-11-21,36.52348051311615,45.62797658118069,-12.588324769528263,26.88041133854445
2001-11-22,37.15102640561911,46.28201070859235,-12.867845188278045,26.451728619351858
2001-11-23,37.9499272458508,46.292858655712905,-13.022781948670909,25.205279748597924
2001-11-24,37.732869745136725,47.341950290841396,-12.851465029104029,26.301865396192234
2001-11-25,37.41799500755143,47.35097388627248,-12.877814600528476,25.876808644903143
2001-11-26,35.657131328490244,46.50374477060011,-14.431884596408807,27.13140989855734
2001-11-27,36.418181092168,46.912592297676575,-14.243322076427834,27.196068303198604
2001-11-28,36.8314106451079,46.90058787496339,-12.168662361628646,28.42446558911458
2001-11-29,37.298161118767474,45.439123308339255,-12.470114830344132,27.783949308762804
2001-11-30,37.748938683721484,46.08586501576331,-13.555240078191401,27.043378780249615
2001-12-01,36.812579445160566,45.57067237788643,-13.121643026057098,25.832204692232356
2001-12-02,36.5473076448333,43.563516638288846,-12.149764415454202,26.457782549595862
2001-12-03,35.729763361576154,43.803913279217916,-12.765931701223305,23.976744724157207
2001-12-04,35.56123678068762,43.74037031393726,-12.360812169657697,23.064883401874866
2001-12-05,37.2521128148107,42.88229538305564,-11.508372960685683,22.51853624210888
2001-12-06,36.35942665140725,43.322241821064836,-10.425766006099677,23.1143800065999
2001-12-07,36.022564674278534,43.65838132264386,-12.132374663157304,19.896703953418296
2001-12-08,35.188677979905435,44.3966888248742,-13.17589090202883,19.66702235688694
2001-12-09,36.47607126288425,44.64011939973799,-12.82811073716411,20.264051111103992
2001-12-10,37.29195347412219,43.860141163111805,-13.3702051244742,19.01228315430386
2001-12-11,36.8866964451282,43.34836655893741,-12.097628784071658,18.440736196092725
2001-12-12,36.05057598048054,43.418656411347214,-13.94923861767487,17.95684979894018
2001-12-13,36.04355390038329,45.01160127212303,-11.878701482102118,16.194259917513417
2001-12-14,37.02829538493676,41.7244250813907,-12.38082163269578,15.762977666307098
2001-12-15,36.79216577154396,43.01706650905133,-11.936921007186651,15.80518620347012
2001-12-16,36.88380158026442,42.443554748505136,-12.710317979541236,16.486605558778173
2001-12-17,36.01372192657038,42.915648901094144,-12.919665107486805,15.213657572120049
2001-12-18,36.96028022494232,44.6391052306221,-13.587045621950933,14.03518604367641
2001-12-19,35.220787750864375,44.89452337553066,-14.517973729093915,14.479946372889787
2001-12-20,35.50562715336573,45.16077526349728,-14.54523723217897,16.026816931855393
2001-12-21,35.87342745789448,45.79538134835117,-14.617955483521454,13.639267948990543
2001-12-22,36.04722524494388,45.32880023461664,-14.14627128048663,14.282899343317666
2001-12-23,34.39465397924749,47.338074205769274,-14.435982216389714,14.719761224210467
2001-12-24,34.71954159622298,45.60986429883235,-15.01274129837321,14.381883602981535
2001-12-25,36.17624203361078,44.96436432497342,-14.899809243117446,13.56820092612166
2001-12-26,34.86316140511586,43.99857474834458,-14.3063572192962,13.339984876043347
2001-12-27,35.12719681038377,44.28070872693132,-14.306286314704908,14.452643820311293
2001-12-28,34.85350272836352,44.76783867536543,-15.246551836146773,15.852808595633638
2001-12-29,36.09286793726081,43.916145702278406,-16.528929108439417,14.866700925003178
2001-12-30,38.58259851825518,46.14687621607345,-17.477571630858428,12.822451591135806
2001-12-31,37.40819812335003,46.69693347289963,-18.402026430069686,12.96345980666341
2002-01-01,39.70601591312432,45.73138469474989,-16.871912854910462,13.44760111203897
2002-01-02,41.92552127786738,47.18330008118045,-17.67701868554169,13.886899588710767
2002-01-03,43.05144313782445,47.91483714525124,-18.226664625601032,13.423619632974866
2002-01-04,42.06750084053711,47.41471413468723,-20.0146481715403,14.604246828439326
2002-01-05,41.364578175086244,47.54081856352844,-19.901048971417698,14.60459035267841
2002-01-06,41.1650606368656,47.97544966921997,-20.04693020949414,16.87132187343883
2002-01-07,42.31730491198809,47.637067209936546,-21.00259987609292,18.221606279254665
2002-01-08,44.23822397135021,47.40785160237189,-22.029466700908987,17.619900076852822
2002-01-09,43.29569239158377,47.05180210776349,-22.54471286935547,18.349973318454897
2002-01-10,43.2547479818477,46.93339361422398,-22.892987045052024,17.013963219930204
2002-01-11,44.15793778697637,46.56740310813558,-22.716438417796432,16.56136534316864
2002-01-12,42.520525849842315,47.67099072206059,-23.286314168337203,18.39515899837799
2002-01-13,42.889298747155955,47.04299100572572,-24.967719210429866,18.475912811989232
2002-01-14,45.00524159909892,46.70924223358542,-21.77780652269296,18.96689870913295
2002-01-15,43.89748493123373,45.37690943029723,-21.34437888440653,17.25544845144582
2002-01-16,44.09695053317077,44.893543147329154,-22.258895453988735,18.724056208218443
2002-01-17,43.090668319159406,45.225130015284996,-22.13859417427889,20.69355223294166
2002-01-18,43.76252815887582,47.92455378455719,-22.54495821947155,20.728526804052958
2002-01-19,43.94924133891914,50.57049738341182,-22.446663253133682,20.79787065252977
2002-01-20,46.424254000096234,50.16185986259887,-21.94066132100029,20.28541725750095
2002-01-21,47.46794641475678,48.3837705462475,-23.565156788561847,21.591985471017573
2002-01-22,47.803388151138236,49.514943826495674,-23.163003837812436,23.38187788963294
2002-01-23,48.79679620375068,49.44654775114733,-24.753678296237847,23.591221145853023
2002-01-24,50.345394193155244,49.186889274361825,-24.906603165721627,23.948300984995697
2002-01-25,52.36991623281525,49.05848429174298,-25.43385629760818,24.101900562916615
2002-01-26,53.64801267573474,47.888451565606026,-22.836180350076067,23.22532313558302
2002-01-27,51.334980548734585,46.330649520400144,-23.38991152730259,22.269237685993435
2002-01-28,50.98520015105001,45.65647763344957,-24.174906669819023,22.725928632259272
2002-01-29,52.35361337948037,46.58230332385199,-23.276391348056674,24.093978765744822
2002-01-30,53.57731735781851,46.42555370019899,-23.341110358394705,23.61282355962173
2002-01-31,51.8820373050873,46.18015091038282,-22.51109410028261,22.810995736976285
2002-02-01,52.28196018351977,46.157519593698865,-21.989441307851624,22.15797881077162
2002-02-02,53.61508182199658,47.252663230023096,-22.057076435418203,22.075267187548178
2002-02-03,53.83290072254972,47.94173825434286,-22.109102567934745,21.813578704319042
2002-02-04,54.24872381925126,47.231654501739435,-22.658068699963128,20.309926936639922
2002-02-05,53.62865174186208,46.229633314642406,-21.48351219432032,17.557426217462048
2002-02-06,52.71362886762209,45.584002680748114,-22.40332927069243,17.49021295881848
2002-02-07,52.365158831179784,45.461149686459045,-20.69665950917202,16.25233617081535
2002-02-08,53.06213757654349,44.5728796229932,-19.71836909442363,15.3720690954725
2002-02-09,52.17505886413867,44.28346687519223,-19.7874519230914,14.823975181511578
2002-02-10,52.321891759153786,43.23100260620105,-18.868796257313658,14.515676780333774
2002-02-11,52.646291965059355,43.84894244222473,-20.28391786924896,14.704550329112545
2002-02-12,51.77156987239386,44.409339259819305,-21.352647304918108,14.428363971415491
2002-02-13,51.72143780927146,43.26931033622766,-21.27781194693312,15.283456557152949
2002-02-14,53.62101409758056,43.29466764238542,-20.06177598342658,15.101542960577284
2002-02-15,52.32336269877143,43.220805800077905,-19.920750892826913,16.54500701077109
2002-02-16,52.352568628133,43.59643939087942,-19.58808762681884,14.380000681332461
2002-02-17,51.92847424420168,44.10801470929511,-19.387408627954876,13.856519110016716
2002-02-18,52.50201565587651,45.99641049237355,-19.71531301661636,14.66655305452267
2002-02-19,51.894767900512,47.966312778413815,-17.874159558873938,15.076454342837488
2002-02-20,52.441652213724694,48.840640377335326,-17.724862185438138,14.64235878575794
2002-02-21,52.511867032236914,48.71409461455159,-17.662872294303114,15.475435527603459
2002-02-22,54.10404359333014,49.16007424965013,-17.150852713894917,16.531480370688683
2002-02-23,53.40445076133635,48.9335605844006,-16.4550915566469,14.90954900989804
2002-02-24,53.69728100982357,49.50130946566707,-16.233634479947003,15.191617421296588
2002-02-25,53.17733227425349,49.29787731245605,-14.649857916436792,15.515385169291166
2002-02-26,52.614086996964424,49.02215202893443,-16.17139689715499,16.431098350840976
2002-02-27,52.78922275119024,47.94193688290782,-16.336095881453346,17.88000896464082
2002-02-28,53.78791069166668,48.378880355789974,-17.284980913847274,17.77902076614559
2002-03-01,55.21606085753553,49.775923875291305,-15.826887145699494,16.16840438511005
2002-03-02,56.14481919159887,49.37275922731522,-15.841380360277672,14.978464948896828
2002-03-03,56.32876423227181,49.26432005271459,-16.51881022221657,14.025518033969046
2002-03-04,55.46064611473114,48.02890684155712,-17.167083149337884,13.434438114005573
2002-03-05,55.34658503449453,47.61382049070298,-15.70001611963418,15.38688137508237
2002-03-06,55.85047665901739,47.45526041203415,-15.495451232715514,14.275618057323381
2002-03-07,53.64561804674513,48.65814583327476,-13.4107047719811,13.916422402265102
2002-03-08,52.07222499121474,49.82824481823576,-13.667512606992426,15.096004320745571
2002-03-09,52.584194608200555,49.759521485176904,-13.645192487712661,13.298275418057283
2002-03-10,53.97162185094343,48.846444355206266,-14.803068242945901,12.543602549936388
2002-03-11,54.81569929608504,49.21458413073732,-16.27008682954863,11.622074777570077
2002-03-12,55.12501087268649,50.20756326273575,-17.018423572108617,12.69025646087304
2002-03-13,55.639154853118704,48.89549940730414,-17.670094438099724,10.30262088667238
2002-03-14,57.846029992825684,49.47051258583018,-18.239898673347867,11.270415594975944
2002-03-15,57.290223233648994,49.63000066885223,-18.25273998305491,10.897128832655575
2002-03-16,57.11866856244375,50.64524159253482,-18.452946230522993,8.81854633998337
2002-03-17,56.917635625211496,51.45366051720281,-17.87623251937887,8.264340938895824
2002-03-18,59.40842845031304,50.338014382301715,-17.537961268981473,8.103879107216443
2002-03-19,59.46980756450081,50.661634033170444,-17.530399602696278,7.565844872568314
2002-03-20,57.95979135654694,50.22553430617098,-17.156580564663845,8.148545510642068
2002-03-21,56.19141536744209,50.13312267980215,-16.524359122294552,6.434475002829363
2002-03-22,54.66469143586272,51.506776956123765,-15.056998150013614,7.058612214135279
2002-03-23,54.10349856030445,50.812829755587714,-14.22656719418628,4.611948560347203
2002-03-24,54.55340248190447,50.11953574819359,-13.824227113263449,4.036755227979104
2002-03-25,52.79365278718807,50.63657603789314,-12.879598140141422,3.9491628038599376
2002-03-26,50.91279323871334,50.919687730254864,-12.979692795616085,4.021943109721387
2002-03-27,53.71213920024519,50.761680959393594,-13.473621965446062,3.6978007099322574
2002-03-28,53.96650142580652,50.800308094652934,-11.965169032622462,2.269471899751828
2002-03-29,54.24440845878514,53.74976383111794,-11.143765469947523,3.2437067498953294
2002-03-30,52.62451714433214,52.76562916486494,-13.768931653795429,2.6083598458451465
2002-03-31,51.682680243512515,53.798934935244375,-13.927825808264163,1.432508547682609
2002-04-01,53.87246391523113,53.605474695460146,-13.050761528390886,1.095263623800487
2002-04-02,53.14702310780391,54.13922901939522,-13.29861231356315,0.6928940909682322
2002-04-03,52.803149651267404,54.51756788158199,-13.02389345000941,-0.08667112469262228
2002-04-04,53.49299695790629,55.112363463865314,-14.722655248621177,1.3512526064280252
2002-04-05,50.87095117042989,57.22412050461737,-13.656098446941522,2.7766725220026722
2002-04-06,51.00526180505177,55.37689322957497,-14.49437827235872,4.350140038555839
2002-04-07,50.780755416482975,55.17839138052953,-13.643175274561244,3.6015182735070477
2002-04-08,50.9931747653191,54.70846998801239,-14.605725417777538,3.1165423927757137
2002-04-09,50.513953019162486,53.50431964838088,-14.230309355853896,2.2086049799461582
2002-04-10,51.293307267743806,55.99548311506962,-14.220884499089198,2.0895820692162426
2002-04-11,49.65290361612579,55.164380509990316,-14.183073756264822,1.4723020632278347
2002-04-12,49.56314774922609,55.63970411634169,-16.081829527926764,0.8557170854410754
2002-04-13,49.6317957560707,55.38045321683181,-15.988928409820655,0.23124510230436324
2002-04-14,49.20888397338867,55.5012966616222,-14.746038713560761,-0.5004192482267126
2002-04-15,50.465604915860695,57.196149567074194,-15.335422998724763,1.62043134563514
2002-04-16,53.358802109690174,54.96010628510563,-13.960317824414167,1.8611085740151811
2002-04-17,53.89620864882324,55.52568081048297,-13.330704281223824,3.713316885725095
2002-04-18,53.526633841944545,54.9954472117824,-12.324724822798352,4.153962617619771
2002-04-19,54.90145165138133,55.79640365104946,-14.710796825953185,4.008950385703791
2002-04-20,54.88118124411528,53.68757457581732,-16.4959218501296,4.166380646966552
2002-04-21,54.89694814787661,53.14049899251439,-16.27594120238577,2.8667735868710045
2002-04-22,55.78096446501305,51.558496127323394,-17.12409185985554,2.7364026671800596
2002-04-23,55.92113783379441,51.05000829201598,-17.980988880395312,1.887050570360426
2002-04-24,56.755573573105934,51.20516072281012,-18.027266542849258,2.034938675681797
2002-04-25,56.96650072635718,50.65651654002328,-19.20642380170161,1.8145537293784428
2002-04-26,57.456358631215274,49.531316244824225,-16.798821293184556,0.5587578218738565
2002-04-27,55.29957003984803,48.921695928621475,-17.561790543525476,0.4418325749673455
2002-04-28,55.15657053559458,49.38369226774209,-17.20871713205907,1.113052323463891
2002-04-29,56.17947216160828,48.11500550878308,-16.43779637576544,-0.33917147060309305
2002-04-30,55.804328986593674,46.76807049472883,-16.338657693600638,-0.2138442699188655
2002-05-01,57.832929499411996,45.56026901770634,-16.148882539536956,-0.37067245935493265
2002-05-02,60.032591926651016,44.46071400540077,-15.446250971160088,-1.7754831475459032
2002-05-03,59.806546461950475,43.307648117820165,-16.20948531912692,-2.2328116450346123
2002-05-04,60.55088506338055,42.49855058980161,-16.444144820821876,-2.2523977579089163
2002-05-05,62.12717038851806,43.69157078113516,-13.957921600612742,-2.511029419249983
2002-05-06,63.286485075091974,43.69217568241811,-15.130648925839974,-0.575919435485303
2002-05-07,61.65860004212012,44.41464272430016,-13.307404480634185,0.7199053813923284
2002-05-08,61.60649673691661,44.40993025339439,-13.048375346298357,1.1296427375914835
2002-05-09,61.197594947313526,43.768582193438114,-13.954662521204046,2.6153288742495997
2002-05-10,60.02301630032889,42.933809488903414,-12.648424348494355,2.979248254543496
2002-05-11,60.81750912666558,44.15027444643948,-13.741432790815532,3.202580047450212
2002-05-12,60.75562860907569,44.08936808905736,-14.61749593087544,3.405527913301959
2002-05-13,60.476340730584944,42.76155353241514,-15.48663819922576,5.262976269949487
2002-05-14,61.53312369982901,42.812721047670735,-14.990049075724306,5.75450937277176
2002-05-15,62.126675146211866,42.67005676930733,-14.707201862727722,6.480134725093535
2002-05-16,63.59179088086818,41.79128400985917,-15.045104659238609,7.183951607817524
2002-05-17,63.14263136135963,40.65465692833886,-15.29658123206625,7.721950247641385
2002-05-18,62.21374979634366,39.282045243739084,-13.364379101453977,8.941188218090506
2002-05-19,61.54441288056867,38.53825917951349,-13.468454068434541,8.20015673580766
2002-05-20,60.90406957909687,38.554168851578055,-15.070305348020728,7.765957600368027
2002-05-21,62.10396009034822,38.96653545941392,-13.971479707869996,7.392224262600769
2002-05-22,60.0099339321563,39.30802106616985,-13.177586470914076,7.820668746855235
2002-05-23,61.0891642905168,39.33097860050294,-12.590394229080326,8.177876009704669
2002-05-24,60.90995546754022,38.16666972750601,-14.363648445075754,7.524609445916106
2002-05-25,59.700477718129406,38.78407214532226,-13.537994204249953,9.322309229707617
2002-05-26,58.78400961764069,38.21329823689827,-13.889341565673853,10.013341943613348
2002-05-27,58.20933773395628,38.77142222160323,-14.058301425737671,10.310112706888681
2002-05-28,58.708305364011615,39.02912314854059,-13.382691788683548,9.350702928214039
2002-05-29,58.3288629433792,40.23822985175275,-12.647044859262712,8.559260216000865
2002-05-30,58.98864604458433,39.73529848077455,-13.864645605034548,8.863550089269738
2002-05-31,57.666383900704474,39.99440445137214,-13.11451911429987,9.151518334584429
2002-06-01,56.701129100429654,40.35864282643472,-12.414931469976219,12.159413047200367
2002-06-02,56.0664471586473,40.55095083362465,-12.515651281588777,10.987050163770736
2002-06-03,54.86947770044047,41.34881600541801,-12.78769329891579,9.438333290502317
2002-06-04,57.03929821741671,40.834415318802954,-14.048903164907694,9.652657378617729
2002-06-05,56.852363668682095,38.920487824412646,-13.511659427570653,8.111584410149831
2002-06-06,56.83141553788979,39.19397495601702,-12.706683214996527,7.947034147208687
2002-06-07,58.19195423703822,38.9475025734135,-13.154419425069895,8.068908169542862
2002-06-08,58.422881266895764,38.73925282459357,-13.687691685573558,8.14622025853368
2002-06-09,59.60930636241745,39.58271552910412,-14.939103079494878,9.957599550520378
2002-06-10,58.30504288380286,40.76136490650785,-14.88519456477445,11.505304509349948
2002-06-11,57.59075292237661,41.589741790786945,-15.78344160798832,13.261802805592705
2002-06-12,57.732560285406926,42.18528377356329,-15.914057415505614,13.646617206349969
2002-06-13,58.91447646100939,40.98528015916745,-17.137649086687308,12.928368572856781
2002-06-14,58.8347777524,40.245991656311546,-18.359793424868403,12.539586332559127
2002-06-15,59.14478781420462,39.70539649239555,-17.50667684839792,13.954557248911314
2002-06-16,59.22048041480789,40.02193186869116,-18.497814862306907,13.799659736696142
2002-06-17,61.45728301784953,38.430236600348614,-18.022770317824687,15.208376213481394
2002-06-18,61.63131449096816,38.95309120889551,-19.610305503048103,16.390632667139826
2002-06-19,61.11669120087916,39.5673403002767,-19.12530202240872,18.341597780654386
2002-06-20,59.627656722370666,38.60203591413642,-19.8438847146991,19.380153818246242
2002-06-21,58.66610335064836,41.04820035473119,-21.000146111987277,18.293672684476217
2002-06-22,59.19135169751951,41.07331602774656,-21.7869210083018,19.208729089026498
2002-06-23,60.22417579644063,40.730396274879226,-21.51577822370226,19.8718593118915
2002-06-24,59.963516491383366,41.35345492323866,-21.46326096185399,19.015005795037712
2002-06-25,60.33722660572511,41.68479424019755,-22.52072037283394,19.48589818715067
2002-06-26,59.26034159747797,41.78655774016551,-21.3698253360176,19.900785672896944
2002-06-27,60.875950340271594,42.45548103828656,-21.857341097972032,19.49186282434402
2002-06-28,62.49894994535644,44.7036762995546,-21.70329369906815,19.492008419776916
2002-06-29,63.79486336668407,42.48943528126024,-20.546836562435438,19.598169002433572
2002-06-30,64.00558700984183,42.55530468675678,-19.305158841826472,18.517505119329485
2002-07-01,61.84815273567727,41.71181606422388,-19.501130077152094,18.275687888764196
2002-07-02,60.245264527232266,41.38377752069436,-18.740284406757468,17.196811772044853
2002-07-03,62.17802648762436,41.42929290313567,-21.313639523732583,17.049926015415917
2002-07-04,61.76581475267608,41.14654585140699,-21.4289566345265,17.65236281929917
2002-07-05,61.39182613252627,42.316769168109325,-21.559558584910302,18.221612902648562
2002-07-06,60.62182387741844,42.66432801861436,-22.209678616905908,15.953102482793554
2002-07-07,60.22683177726578,43.033649804269125,-23.24721397948402,14.755422493455223
2002-07-08,59.415633501848376,43.18621685444141,-25.972386217734883,12.779799774538326
2002-07-09,58.2131309961986,44.10251201398487,-25.885950113861277,12.609536017816081
2002-07-10,59.78737299351149,46.44490559508667,-26.679951628381477,11.597934746467478
2002-07-11,59.095039772276905,47.109908512899054,-26.438879450434264,12.922313437986945
2002-07-12,60.21287645493512,47.1108958956854,-27.122330218979567,11.85501732230427
2002-07-13,59.84305317250733,45.250519224959746,-25.865480500064184,10.475497129215308
2002-07-14,59.29159640872015,44.75419169196377,-24.480422236320567,10.196170723294323
2002-07-15,60.09777330475307,44.666824801569,-23.348238569439886,10.842624933534045
2002-07-16,60.25324714927943,43.528320847175564,-23.32362544882208,11.803157884870801
2002-07-17,59.795824992697135,43.230444478059816,-23.55080652041072,11.768939818126885
2002-07-18,59.79862815652277,42.209918762193794,-24.01327290284142,12.627082662493754
2002-07-19,59.2682292255581,41.772033523494045,-23.267183740792124,12.86471364327745
2002-07-20,56.06211359176505,40.229683785730344,-23.606672038678337,12.109761127577901
2002-07-21,57.39889311108428,39.01277397931534,-22.15321239901485,12.430002981018236
2002-07-22,56.33048372751944,39.326518795697055,-22.524751858984114,13.084329427474314
2002-07-23,56.45950176008619,38.415200737124024,-20.871560153756633,13.38582208945281
2002-07-24,53.3473491609555,37.806097920577734,-20.141385128410928,12.790845648682927
2002-07-25,54.32017027438912,37.54685466994367,-21.195631104608854,13.357914552071852
2002-07-26,54.94782457135385,39.244658169458056,-20.223153272486936,13.691701387901889
2002-07-27,55.47884119453916,37.7159480687498,-20.958352545971405,13.531787879110956
2002-07-28,53.97723847485892,38.27076223500267,-21.337578966607904,12.498460040235143
2002-07-29,53.96316758525677,38.93478090817707,-20.357874062066188,13.934513988392737
2002-07-30,54.73064411054773,37.08591142584867,-20.38021728284368,14.653945419340316
2002-07-31,55.03511095528592,37.425740810830376,-19.5759378810966,15.246088897551116
2002-08-01,55.941918888659266,35.791869281910216,-21.06851304054845,17.507778106138435
2002-08-02,55.99502970492758,36.462029835929464,-21.09602102632439,16.509707362299007
2002-08-03,55.89484032283395,37.794885155653034,-20.58354551446192,16.71716343610157
2002-08-04,56.163830929433495,36.88315851942959,-19.845104501786533,15.717875403940067
2002-08-05,55.94196751281326,36.280794744280826,-19.723911391618408,14.673812273211913
2002-08-06,56.00006547357476,37.04961169191729,-19.19217163037948,13.962161386731259
2002-08-07,57.356113520425055,36.68983187769715,-19.328410811857665,14.50937475139287
2002-08-08,56.920143270592405,37.482989944835424,-20.371202437965355,14.60542037540774
2002-08-09,58.38721269323158,36.884739266585136,-19.962367693088005,14.361314588030854
2002-08-10,58.88712207743348,36.46318741028909,-20.65809223029671,14.037229830959815
2002-08-11,59.52389594107363,35.241848594892254,-19.07351959460459,12.486221587728721
2002-08-12,60.755412840956296,34.66308271281802,-17.28262382339765,13.971707705808887
2002-08-13,61.47313192946626,34.92777466725451,-16.31062201015985,12.402084162218905
2002-08-14,61.189258958267956,34.9212048918344,-14.711853488831059,13.32234719258659
2002-08-15,59.88444873277436,36.42848569636118,-13.274938889560575,15.289693954210001
2002-08-16,60.06653793434733,35.66905465845405,-12.909953423888837,16.147809392593995
2002-08-17,58.50718084980454,37.44593967411154,-13.118659896724228,16.523176250157913
2002-08-18,58.78238839594118,37.103740520884045,-13.883648989239168,16.129735415069323
2002-08-19,58.8808550333277,37.627482737598925,-12.789092013213407,16.15725430500276
2002-08-20,59.851841795455705,36.832413805565025,-12.550876706197784,16.421236698238655
2002-08-21,58.83230106470655,36.49932689185321,-12.600222915191981,15.767351300740554
2002-08-22,59.91989447758592,35.42690240313169,-13.209145911036543,15.920525944653644
2002-08-23,60.92281029935675,35.85450569429503,-13.91333727290877,14.382123453093463
2002-08-24,60.77095682439798,35.712480039786456,-15.46364629754658,14.927897253004375
2002-08-25,61.11247387172732,34.91385301554483,-14.957442424874733,15.245880674179471
2002-08-26,61.2531755036604,36.286930521336785,-12.947249578089869,14.86103293677944
2002-08-27,61.2432953820788,34.45581923164348,-11.977134859760648,15.074418900422055
2002-08-28,61.217579756799715,34.98906477807005,-11.728970462730636,15.510230087943125
2002-08-29,61.7066099640887,35.56899973555976,-12.568199953589001,15.845917215864255
2002-08-30,61.86881303084851,35.2718559089299,-12.618131329428408,14.787953834155656
2002-08-31,61.58620890201893,34.0416853939808,-12.934089304207015,14.162451271251001
2002-09-01,60.455541485921145,33.364173865131846,-13.370257053471155,14.634008174640416
2002-09-02,60.28128808364205,32.188191806429344,-13.640373911371535,15.383468065806408
2002-09-03,62.36577851643766,31.85469842315474,-13.430635151403779,17.372496619827096
2002-09-04,62.54070009198157,32.20744502335882,-12.514937976206143,17.43946113705846
2002-09-05,62.572519501950566,31.498965278952124,-12.404782505568024,16.737944748620585
2002-09-06,61.701419348366514,31.45809040269473,-12.681404083174893,16.80592943856717
2002-09-07,64.19527539063488,30.743371501365132,-12.966950304062976,17.594767477348643
2002-09-08,64.99469901577241,29.945486711241028,-13.150513300271125,16.401083941359726
2002-09-09,64.35924538668769,29.776929597732046,-13.895245426591252,16.951342543741223
2002-09-10,65.02650695270577,31.463440161571892,-13.901347443193181,15.123589734136017
2002-09-11,65.2944307423718,32.084993395267254,-13.61451077523195,14.127811900254807
2002-09-12,65.84715554840298,32.980717024548284,-12.924707256783078,15.6308728015322
2002-09-13,66.64504821117707,34.47115690383285,-12.753620904216803,16.98582165957446
2002-09-14,65.15375360210845,35.57433202721775,-14.242024646167126,17.882292910857178
2002-09-15,64.29731396781455,34.77478186129948,-15.85621780638758,17.906956750220157
2002-09-16,65.51914019289168,36.285653821151904,-15.093724172872584,16.4718094385184
2002-09-17,66.63214487468906,35.195776594783865,-15.591699541297366,17.713626701106577
2002-09-18,66.37706543579849,35.526546676860065,-15.774404899110262,18.287681381514574
2002-09-19,67.95227768895195,36.75189960829367,-15.345205928868024,16.576639054863485
2002-09-20,68.88769113103287,36.89922040578406,-14.837340417843377,16.511835275019013
2002-09-21,68.97900845733503,38.2441007664182,-13.067506634285136,18.377299376272024
2002-09-22,70.04892098066261,38.91645113256727,-12.66792088670311,19.028577704178574
2002-09-23,69.27170280900438,40.417160891852035,-11.759960971829683,19.172383985920117
2002-09-24,69.72272170440715,42.069600051843345,-10.037025555721153,18.18538664259617
2002-09-25,70.36543492418726,40.90714117843927,-7.922689591279128,18.044773648111157
2002-09-26,71.6563570049114,40.596008469535704,-7.931223429852344,17.81443029026822
